Epoch,Training IoU,Validation IoU
1,0.9319073824913471,0.9681684374809265
2,0.9596917884690421,0.9365766048431396
3,0.9540406326194862,0.9646632075309753
