Epoch,Training IoU,Validation IoU
1,0.9248539546602651,0.9642788767814636
2,0.95658940076828,0.8788399696350098
3,0.9625295259450611,0.9899327754974365
