Epoch,Training IoU,Validation IoU
1,0.9249841108133918,0.9284675121307373
2,0.9620882100180576,0.9225273728370667
3,0.9641391846694445,0.9671707153320312
